{
    "Main": {
        "Variables": [
            {
                "Name": "mt5Path",
                "Type": "Text",
                "DefaultValue": "C:\\Program Files\\MetaTrader 5\\terminal64.exe"
            },
            {
                "Name": "eaPath",
                "Type": "Text",
                "DefaultValue": "C:\\EAs"
            },
            {
                "Name": "reportPath",
                "Type": "Text",
                "DefaultValue": "D:\\Reports"
            },
            {
                "Name": "startDate",
                "Type": "Text",
                "DefaultValue": "2019.01.01"
            },
            {
                "Name": "endDate",
                "Type": "Text",
                "DefaultValue": "2024.12.31"
            },
            {
                "Name": "logFilePath",
                "Type": "Text",
                "DefaultValue": "D:\\Reports\\automation_log.json"
            }
        ],
        "Actions": [
            {
                "Id": "SetVariable",
                "DisplayName": "Set variable 'logEntry' to default",
                "Type": "SetVariable",
                "Inputs": {
                    "VariableName": "logEntry",
                    "Value": "{\"timestamp\":\"%CurrentDateTime%\",\"level\":\"INFO\",\"message\":\"Flow Started\"}"
                }
            },
            {
                "Id": "AppendLineToTextFile",
                "DisplayName": "Append log entry to file",
                "Type": "AppendLineToTextFile",
                "Inputs": {
                    "Text": "%logEntry%",
                    "FilePath": "%logFilePath%",
                    "CreateIfNotExists": true
                }
            }
        ]
    }
}